{
  "fsize": 65536,
  "data": [
    {
      "name": "chickenelder",
      "position": [
        -0.30659284591674807,
        0.17710312604904174,
        -5.00243034362793
      ],
      "shortparams": [
        0,
        0,
        0,
        20480
      ],
      "intparams": [
        0,
        29,
        0,
        0,
        0
      ],
      "floatparams": [
        0.0,
        0.0,
        0.0,
        0.0,
        0.0
      ]
    }
  ]
}