{
  "fsize": 65536,
  "data": [
    {
      "name": "chickenelder",
      "position": [
        0.07444601058959961,
        -0.06797881126403808,
        -4.94921989440918
      ],
      "shortparams": [
        0,
        0,
        -1,
        -13056
      ],
      "intparams": [
        0,
        15,
        0,
        0,
        0
      ],
      "floatparams": [
        0.0,
        0.0,
        0.0,
        0.0,
        0.0
      ]
    }
  ]
}