{
  "fsize": 65536,
  "data": [
    {
      "name": "chickenelder",
      "position": [
        129.8948211669922,
        199.99998474121094,
        -11.470718383789062
      ],
      "shortparams": [
        0,
        0,
        -1,
        -30464
      ],
      "intparams": [
        0,
        44,
        0,
        0,
        0
      ],
      "floatparams": [
        0.0,
        0.0,
        0.0,
        0.0,
        0.0
      ]
    }
  ]
}