{
  "fsize": 65536,
  "data": [
    {
      "name": "chickenelder",
      "position": [
        0.2861588478088379,
        0.5889915466308594,
        -5.0
      ],
      "shortparams": [
        0,
        0,
        0,
        11520
      ],
      "intparams": [
        0,
        33,
        0,
        0,
        0
      ],
      "floatparams": [
        0.0,
        0.0,
        0.0,
        0.0,
        0.0
      ]
    }
  ]
}