{
  "fsize": 65536,
  "data": [
    {
      "name": "chickenelder",
      "position": [
        2.051475715637207,
        2.603580856323242,
        -2.530619430541992
      ],
      "shortparams": [
        0,
        0,
        -1,
        -4096
      ],
      "intparams": [
        0,
        55,
        0,
        0,
        0
      ],
      "floatparams": [
        0.0,
        0.0,
        0.0,
        0.0,
        0.0
      ]
    }
  ]
}