{
  "fsize": 65536,
  "data": [
    {
      "name": "chickenelder",
      "position": [
        0.11184607744216919,
        -0.9332832336425781,
        -61.01951293945312
      ],
      "shortparams": [
        0,
        0,
        0,
        0
      ],
      "intparams": [
        0,
        51,
        0,
        0,
        0
      ],
      "floatparams": [
        0.0,
        0.0,
        0.0,
        0.0,
        0.0
      ]
    }
  ]
}