{
  "fsize": 65536,
  "data": [
    {
      "name": "chickenelder",
      "position": [
        12.989482116699218,
        -1.1470718383789062,
        -19.999998474121092
      ],
      "shortparams": [
        0,
        0,
        -1,
        -30464
      ],
      "intparams": [
        0,
        44,
        0,
        0,
        0
      ],
      "floatparams": [
        0.0,
        0.0,
        0.0,
        0.0,
        0.0
      ]
    }
  ]
}