{
  "fsize": 65536,
  "data": [
    {
      "name": "chickenelder",
      "position": [
        2.861588478088379,
        50.0,
        5.889915466308594
      ],
      "shortparams": [
        0,
        0,
        0,
        11520
      ],
      "intparams": [
        0,
        33,
        0,
        0,
        0
      ],
      "floatparams": [
        0.0,
        0.0,
        0.0,
        0.0,
        0.0
      ]
    }
  ]
}