{
  "fsize": 65536,
  "data": [
    {
      "name": "chickenelder",
      "position": [
        -3.0659284591674805,
        50.0243034362793,
        1.7710312604904175
      ],
      "shortparams": [
        0,
        0,
        0,
        20480
      ],
      "intparams": [
        0,
        29,
        0,
        0,
        0
      ],
      "floatparams": [
        0.0,
        0.0,
        0.0,
        0.0,
        0.0
      ]
    }
  ]
}