{
  "fsize": 81920,
  "entry_size": 80,
  "data": [
    {
      "name": "corvo",
      "position": [
        3.863043785095215,
        -8.277528762817383,
        60.85517883300781
      ],
      "params": [
        "000000",
        "00000000",
        "0000000000",
        0,
        0,
        "00000000000000000000000000000000",
        0,
        0,
        0,
        0,
        0.0,
        0.0,
        0.0,
        "00000000"
      ]
    }
  ]
}