{
  "fsize": 40960,
  "entry_size": 80,
  "data": [
    {
      "name": "glur",
      "position": [
        -41.69972610473633,
        -187.67820739746094,
        610.1951293945312
      ],
      "params": [
        "000000",
        "00ffff70",
        "0000000000",
        0,
        0,
        "00000000000000000000000000000000",
        0,
        0,
        0,
        0,
        0.0,
        0.0,
        0.0,
        "00000000"
      ]
    }
  ]
}