{
  "fsize": 65536,
  "entry_size": 64,
  "data": [
    {
      "name": "chickenelder",
      "position": [
        129.8948211669922,
        11.470718383789062,
        199.99998474121094
      ],
      "params": [
        0,
        0,
        65535,
        35072,
        0,
        44,
        0,
        0,
        0,
        0.0,
        0.0,
        0.0,
        0.0,
        0.0
      ]
    }
  ]
}