{
  "fsize": 65536,
  "entry_size": 64,
  "data": [
    {
      "name": "chickenelder",
      "position": [
        2.861588478088379,
        -5.889915466308594,
        50.0
      ],
      "params": [
        0,
        0,
        0,
        11520,
        0,
        33,
        0,
        0,
        0,
        0.0,
        0.0,
        0.0,
        0.0,
        0.0
      ]
    }
  ]
}