{
  "fsize": 65536,
  "entry_size": 64,
  "data": [
    {
      "name": "chickenelder",
      "position": [
        -3.0659284591674805,
        -1.7710312604904175,
        50.0243034362793
      ],
      "params": [
        0,
        0,
        0,
        20480,
        0,
        29,
        0,
        0,
        0,
        0.0,
        0.0,
        0.0,
        0.0,
        0.0
      ]
    }
  ]
}