{
  "fsize": 65536,
  "entry_size": 64,
  "data": [
    {
      "name": "emblem",
      "position": [
        4.000011444091797,
        -142.2400360107422,
        219.7019500732422
      ],
      "params": [
        0,
        0,
        0,
        0,
        0,
        1,
        250,
        0,
        0,
        0.0,
        0.0,
        0.0,
        0.0,
        2.2958874039497803e-38
      ]
    },
    {
      "name": "egg",
      "position": [
        160.8291015625,
        22.67755699157715,
        199.99998474121094
      ],
      "params": [
        0,
        0,
        0,
        0,
        0,
        0,
        0,
        0,
        0,
        0.0,
        0.0,
        0.0,
        0.0,
        0.0
      ]
    },
    {
      "name": "egg",
      "position": [
        -153.04727172851562,
        18.70891571044922,
        199.99998474121094
      ],
      "params": [
        0,
        0,
        0,
        0,
        0,
        0,
        0,
        0,
        0,
        0.0,
        0.0,
        0.0,
        0.0,
        0.0
      ]
    }
  ]
}