{
  "fsize": 65536,
  "data": [
    {
      "name": "chickenelder",
      "position": [
        20.51475715637207,
        -26.035808563232422,
        25.306194305419922
      ],
      "shortparams": [
        0,
        0,
        65535,
        61440
      ],
      "intparams": [
        0,
        55,
        0,
        0,
        0
      ],
      "floatparams": [
        0.0,
        0.0,
        0.0,
        0.0,
        0.0
      ]
    }
  ]
}