{
  "fsize": 65536,
  "data": [
    {
      "name": "chickenelder",
      "position": [
        1.118460774421692,
        9.332832336425781,
        610.1951293945312
      ],
      "shortparams": [
        0,
        0,
        0,
        0
      ],
      "intparams": [
        0,
        51,
        0,
        0,
        0
      ],
      "floatparams": [
        0.0,
        0.0,
        0.0,
        0.0,
        0.0
      ]
    }
  ]
}