{
  "fsize": 65536,
  "data": [
    {
      "name": "chickenelder",
      "position": [
        0.7444601058959961,
        0.6797881126403809,
        49.4921989440918
      ],
      "shortparams": [
        0,
        0,
        65535,
        52480
      ],
      "intparams": [
        0,
        15,
        0,
        0,
        0
      ],
      "floatparams": [
        0.0,
        0.0,
        0.0,
        0.0,
        0.0
      ]
    }
  ]
}